#{"t_start": 1582791113.26865, "env_id": "FetchReach-v1"}
s,r,l,t
,-50.0,50,0.962033
,-50.0,50,1.645545
,-50.0,50,2.270098
,-50.0,50,2.878238
,-50.0,50,3.431981
,-50.0,50,4.000998
,-50.0,50,4.573789
,-50.0,50,5.164515
,-50.0,50,5.746942
,-49.0,50,6.300807
,-50.0,50,6.912134
,-39.0,50,6.992611
,-34.0,50,7.08875
,-7.0,50,7.184769
,-50.0,50,7.264441
,-8.0,50,7.34987
,-4.0,50,7.446448
,-35.0,50,7.532531
,-50.0,50,7.613693
,-5.0,50,7.696546
