#{"t_start": 1582901358.030835, "env_id": "FetchReach-v1"}
s,r,l,t
,-40.0,50,0.949039
,-50.0,50,1.647493
,-50.0,50,2.273244
,-45.0,50,2.875951
,-29.0,50,3.43679
,-27.0,50,4.013113
,-44.0,50,4.587256
,-50.0,50,5.214727
,-45.0,50,5.814408
,-50.0,50,6.427973
,-4.0,50,7.055415
,-50.0,50,7.137578
,-11.0,50,7.216184
,-1.0,50,7.307844
,-50.0,50,7.397452
,-29.0,50,7.486708
,-10.0,50,7.586137
,-4.0,50,7.674614
,-6.0,50,7.763811
,-3.0,50,7.853074
