actor_critic/actor_loss,actor_critic/critic_loss,stats_g/mean,stats_g/std,stats_o/mean,stats_o/std,test/avg_episode_reward,test/episode,test/mean_Q_val,test/success_rate,train/avg_episode_reward,train/episode,train/success_rate
1.6614112,0.074281685,0.8683159,0.10766172,0.2620365,0.033727273,-15.9,10.0,-0.34504956,1.0,-44.2,10.0,0.2
1.6362784,0.053154897,0.8753069,0.10017883,0.2633849,0.032940604,-8.1,20.0,-0.38690078,1.0,-16.4,20.0,0.7
1.6163793,0.043541074,0.87492514,0.09916687,0.26282918,0.03291945,-8.6,30.0,-0.46471992,0.9,-20.3,30.0,0.9
1.5988855,0.03840556,0.8749485,0.098053396,0.26259977,0.033023786,-3.9,40.0,-0.33124024,1.0,-12.7,40.0,0.9
1.5758862,0.0350141,0.8761483,0.09670985,0.26279718,0.03290862,-2.7,50.0,-0.19707723,1.0,-8.2,50.0,0.9
