#{"t_start": 1582575523.873653, "env_id": "FetchReach-v1"}
s,r,l,t
,-50.0,50,0.958382
,-50.0,50,1.597657
,-50.0,50,2.100657
