#{"t_start": 1582901729.130358, "env_id": "FetchReach-v1"}
s,r,l,t
,-50.0,50,1.009967
,-50.0,50,1.695857
,-50.0,50,2.306473
,-50.0,50,2.898806
,-50.0,50,3.456475
,-50.0,50,4.012444
,-45.0,50,4.591567
,-12.0,50,5.151345
,-34.0,50,5.71445
,-50.0,50,6.291826
,-41.0,50,6.875622
,-8.0,50,6.957927
,-50.0,50,7.051471
,-12.0,50,7.142591
,-39.0,50,7.219846
,-5.0,50,7.302069
,-4.0,50,7.390975
,-4.0,50,7.480428
,-14.0,50,7.564624
,-38.0,50,7.655772
