#{"t_start": 1582885902.876729, "env_id": "FetchReach-v1"}
s,r,l,t
,-50.0,50,0.904165
,-50.0,50,1.573315
,-50.0,50,2.122113
,-50.0,50,2.648544
,-50.0,50,3.184645
,-50.0,50,3.721822
,-50.0,50,4.306072
,-50.0,50,4.880066
,-41.0,50,5.463366
,-33.0,50,6.000252
,-2.0,50,6.556203
,-50.0,50,6.637506
,-50.0,50,6.71758
,-13.0,50,6.800156
,-3.0,50,6.877961
,-2.0,50,6.960026
,-2.0,50,7.04129
,-42.0,50,7.132507
,-8.0,50,7.22728
,0.0,50,7.31142
