#{"t_start": 1582562519.598681, "env_id": "FetchReach-v1"}
s,r,l,t
,-50.0,50,1.018878
,-50.0,50,1.771236
,-50.0,50,2.412395
,-50.0,50,3.028594
,-50.0,50,3.632777
,-35.0,50,4.265167
,-50.0,50,4.952167
,-50.0,50,5.565563
,-50.0,50,6.172663
,-50.0,50,6.792035
,-50.0,50,7.422201
,-50.0,50,7.508735
,-50.0,50,7.585829
,-50.0,50,7.682035
,-50.0,50,7.784198
,-50.0,50,7.866098
,-10.0,50,7.950062
,-50.0,50,8.041527
,-50.0,50,8.134736
,-35.0,50,8.225664
