#{"t_start": 1582791171.4321651, "env_id": "FetchReach-v1"}
s,r,l,t
,-50.0,50,0.95822
,-50.0,50,1.650806
,-49.0,50,2.30485
,-50.0,50,2.912515
,-50.0,50,3.491706
,-39.0,50,4.065101
,-34.0,50,4.63359
,-50.0,50,5.208996
,-50.0,50,5.790575
,-48.0,50,6.392286
,-6.0,50,7.03296
,-3.0,50,7.120724
,-20.0,50,7.203592
,-50.0,50,7.302531
,-13.0,50,7.393105
,-13.0,50,7.476109
,-50.0,50,7.572902
,-6.0,50,7.652055
,-6.0,50,7.743042
,-28.0,50,7.836507
