#{"t_start": 1582900693.776007, "env_id": "FetchReach-v1"}
s,r,l,t
,-50.0,50,0.993585
,-50.0,50,1.768616
,-50.0,50,2.42533
,-50.0,50,3.043064
,-50.0,50,3.651
,-50.0,50,4.247445
,-50.0,50,4.842785
