#{"t_start": 1582902768.868905, "env_id": "FetchReach-v1"}
s,r,l,t
,-50.0,50,1.04945
,-50.0,50,1.833359
,-50.0,50,2.42584
,-50.0,50,3.041659
,-50.0,50,3.596205
,-27.0,50,4.131111
,-45.0,50,4.662275
,-50.0,50,5.20938
,-15.0,50,5.734393
,-40.0,50,6.268904
,-10.0,50,6.796921
,-1.0,50,6.882505
,-6.0,50,6.959349
,-6.0,50,7.05178
,0.0,50,7.129274
,-4.0,50,7.209953
,0.0,50,7.289323
,0.0,50,7.368147
,-13.0,50,7.447396
,-7.0,50,7.525304
