#{"t_start": 1582886976.222016, "env_id": "FetchReach-v1"}
s,r,l,t
,-44.0,50,0.93092
,-50.0,50,1.552116
,-50.0,50,2.13352
,-50.0,50,2.647287
,-49.0,50,3.15361
,-39.0,50,3.677745
,-47.0,50,4.186089
,-44.0,50,4.708968
,-38.0,50,5.254291
,-19.0,50,5.799259
,-8.0,50,6.390503
,-2.0,50,6.478227
,-1.0,50,6.556358
,-6.0,50,6.64424
,-4.0,50,6.732879
,-9.0,50,6.822636
,-3.0,50,6.907808
,-5.0,50,6.986766
,-50.0,50,7.063767
,-5.0,50,7.159032
