#{"t_start": 1582894917.3199208, "env_id": "FetchReach-v1"}
s,r,l,t
,-50.0,50,0.940924
,-50.0,50,1.564196
,-50.0,50,2.166274
,-50.0,50,2.734028
,-50.0,50,3.266095
,-50.0,50,3.815326
