#{"t_start": 1582790207.324556, "env_id": "FetchReach-v1"}
s,r,l,t
,-50.0,50,1.016769
,-50.0,50,1.816391
,-43.0,50,2.480877
,-50.0,50,3.154535
,-49.0,50,3.732516
,-50.0,50,4.350026
,-44.0,50,4.977191
,-48.0,50,5.621995
,-50.0,50,6.213432
,-42.0,50,6.814257
,0.0,50,7.444982
,-13.0,50,7.537829
,-50.0,50,7.628961
,-11.0,50,7.722435
,-9.0,50,7.811164
,-14.0,50,7.901178
,-17.0,50,7.987615
,-35.0,50,8.069514
,-14.0,50,8.152693
,-19.0,50,8.23457
