#{"t_start": 1582900872.621871, "env_id": "FetchReach-v1"}
s,r,l,t
,-50.0,50,0.952925
,-50.0,50,1.584987
,-37.0,50,2.171388
,-50.0,50,2.72791
,-50.0,50,3.278052
,-43.0,50,3.838613
,-50.0,50,4.376882
,-50.0,50,4.950328
,-32.0,50,5.559313
,-12.0,50,6.374797
,-50.0,50,6.957472
,-6.0,50,7.050917
,-11.0,50,7.128704
,0.0,50,7.205903
,-50.0,50,7.291748
,-50.0,50,7.371075
,-50.0,50,7.449044
,-50.0,50,7.556001
,-15.0,50,7.655708
,-50.0,50,7.734591
