#{"t_start": 1582901703.958484, "env_id": "FetchReach-v1"}
s,r,l,t
,-50.0,50,1.036582
,-50.0,50,1.736471
,-50.0,50,2.333968
,-50.0,50,2.939544
