#{"t_start": 1583321137.5395403, "env_id": "FetchPush-v1"}
s,r,l,t
,-50.0,50,5.861293
,-50.0,50,7.727235
,-50.0,50,9.326189
