#{"t_start": 1583321138.3911474, "env_id": "FetchPush-v1"}
s,r,l,t
,-50.0,50,4.977722
,-50.0,50,6.883781
,-50.0,50,8.479176
