#{"t_start": 1583321138.2747936, "env_id": "FetchPush-v1"}
s,r,l,t
,-50.0,50,5.113661
,-50.0,50,7.017159
,-50.0,50,8.6228
