#{"t_start": 1583321137.3976116, "env_id": "FetchPush-v1"}
s,r,l,t
,-50.0,50,6.004279
,-50.0,50,7.887157
,-50.0,50,9.463365
