#{"t_start": 1583321136.891533, "env_id": "FetchPush-v1"}
s,r,l,t
,-50.0,50,6.527933
,-50.0,50,8.347315
,-50.0,50,9.990654
