#{"t_start": 1583321137.082801, "env_id": "FetchPush-v1"}
s,r,l,t
,-50.0,50,6.331646
,0.0,50,8.172604
,-50.0,50,9.774104
