#{"t_start": 1583321137.8552492, "env_id": "FetchPush-v1"}
s,r,l,t
,-50.0,50,5.59517
,-50.0,50,7.408215
,-50.0,50,9.005803
