#{"t_start": 1583321137.6471796, "env_id": "FetchPush-v1"}
s,r,l,t
,-50.0,50,5.753357
,-50.0,50,7.621241
,-50.0,50,9.230538
