#{"t_start": 1583321138.8006136, "env_id": "FetchPush-v1"}
s,r,l,t
,-50.0,50,4.663918
,-50.0,50,6.43481
,-50.0,50,8.08594
