#{"t_start": 1583321137.181805, "env_id": "FetchPush-v1"}
s,r,l,t
,-50.0,50,6.187064
,-50.0,50,8.083467
,-50.0,50,9.687669
