#{"t_start": 1583321138.1469321, "env_id": "FetchPush-v1"}
s,r,l,t
,-50.0,50,5.275569
,-50.0,50,7.118633
,-50.0,50,8.720032
