#{"t_start": 1583321138.0002334, "env_id": "FetchPush-v1"}
s,r,l,t
,-50.0,50,5.388712
,-50.0,50,7.253301
,-50.0,50,8.868117
