#{"t_start": 1583321137.2817948, "env_id": "FetchPush-v1"}
s,r,l,t
,0.0,50,6.060832
,-50.0,50,7.984742
,-50.0,50,9.603271
