#{"t_start": 1583321136.9798503, "env_id": "FetchPush-v1"}
s,r,l,t
,-50.0,50,6.461209
,-50.0,50,8.26004
,-50.0,50,9.905354
