#{"t_start": 1583321137.7492929, "env_id": "FetchPush-v1"}
s,r,l,t
,-50.0,50,5.629654
,0.0,50,7.494457
,-50.0,50,9.138255
