#{"t_start": 1582888547.196264, "env_id": "FetchReach-v1"}
s,r,l,t
,-50.0,50,0.911293
,-50.0,50,1.545025
,-50.0,50,2.100348
,-50.0,50,2.605187
,-50.0,50,3.123762
,-50.0,50,3.631512
