#{"t_start": 1582793934.945281, "env_id": "FetchReach-v1"}
s,r,l,t
,-50.0,50,0.937274
,-50.0,50,1.659564
,-50.0,50,2.27931
,-50.0,50,2.923459
,-44.0,50,3.520078
,-50.0,50,4.087088
,-36.0,50,4.62482
,-49.0,50,5.200134
,-50.0,50,5.750214
,-50.0,50,6.312749
,-3.0,50,6.851733
,-50.0,50,6.936077
,-2.0,50,7.019637
,-22.0,50,7.099572
,-49.0,50,7.196003
,-2.0,50,7.277189
,-9.0,50,7.369169
,-50.0,50,7.44874
,-50.0,50,7.529356
,-19.0,50,7.61596
