#{"t_start": 1582884274.826911, "env_id": "FetchReach-v1"}
s,r,l,t
,-50.0,50,0.900725
,-50.0,50,1.528542
,-50.0,50,2.092464
,-50.0,50,2.645533
,-50.0,50,3.168914
,-50.0,50,3.694679
,-50.0,50,4.199155
,-50.0,50,4.72882
,-50.0,50,5.222829
,-50.0,50,5.705569
,-50.0,50,6.207553
,-50.0,50,6.297226
,-50.0,50,6.378347
,-50.0,50,6.463537
,-50.0,50,6.543432
,-50.0,50,6.621379
,-50.0,50,6.697756
,-50.0,50,6.782386
