#{"t_start": 1582907033.6724632, "env_id": "FetchReach-v1"}
s,r,l,t
,-50.0,50,0.898578
,-50.0,50,1.523404
,-50.0,50,2.110014
,-50.0,50,2.677565
,-50.0,50,3.22631
