#{"t_start": 1582575694.279238, "env_id": "FetchReach-v1"}
s,r,l,t
,-50.0,50,0.926827
,-50.0,50,1.565866
,-50.0,50,2.133023
,-50.0,50,2.714843
,-50.0,50,3.245865
,-45.0,50,3.780186
,-50.0,50,4.286496
,-39.0,50,4.810492
,-15.0,50,5.313264
,-50.0,50,5.823857
,-19.0,50,6.356615
,-50.0,50,6.438311
,-13.0,50,6.514838
,-18.0,50,6.601082
,-1.0,50,6.685028
,-50.0,50,6.76591
,-50.0,50,6.851342
,-2.0,50,6.930805
,-49.0,50,7.007002
,-17.0,50,7.083535
