#{"t_start": 1582906396.703818, "env_id": "FetchReach-v1"}
s,r,l,t
,-19.0,50,0.900841
,-50.0,50,1.518409
,-44.0,50,2.058618
,-50.0,50,2.588927
,-50.0,50,3.08861
,-50.0,50,3.599619
,-23.0,50,4.105795
,-29.0,50,4.640536
,-37.0,50,5.149211
,-17.0,50,5.664045
,0.0,50,6.18494
,-4.0,50,6.270582
,-5.0,50,6.355546
,-50.0,50,6.438769
,-1.0,50,6.518109
,-3.0,50,6.599044
,-4.0,50,6.678964
,-50.0,50,6.775235
,-10.0,50,6.86202
,-50.0,50,6.944837
