#{"t_start": 1582900570.5871968, "env_id": "FetchReach-v1"}
s,r,l,t
,-50.0,50,0.993999
,-43.0,50,1.680462
,-50.0,50,2.262219
,-50.0,50,2.816945
,-49.0,50,3.344508
,-46.0,50,3.888188
,-39.0,50,4.4337
,-24.0,50,4.982538
,-35.0,50,5.516839
,-15.0,50,6.052914
,-4.0,50,6.616796
,-50.0,50,6.695
,-3.0,50,6.773198
,-6.0,50,6.854873
,-38.0,50,6.943666
,-1.0,50,7.023605
,-26.0,50,7.119492
,-2.0,50,7.201404
,-10.0,50,7.279073
,-50.0,50,7.359045
