#{"t_start": 1582570423.562238, "env_id": "FetchReach-v1"}
s,r,l,t
,-50.0,50,1.013527
,-46.0,50,1.725871
,-50.0,50,2.251363
,-49.0,50,2.775142
,-50.0,50,3.278916
,-47.0,50,3.824692
,-50.0,50,4.432032
,-50.0,50,5.000796
,-50.0,50,5.558264
,-50.0,50,6.057609
,-4.0,50,6.580704
,-16.0,50,6.663539
,-50.0,50,6.740615
,-2.0,50,6.81754
,-3.0,50,6.899143
,-50.0,50,6.98268
,-5.0,50,7.07036
,-2.0,50,7.145871
,-50.0,50,7.220233
,-11.0,50,7.299399
