#{"t_start": 1582576983.230315, "env_id": "FetchReach-v1"}
s,r,l,t
,-50.0,50,0.959161
,-50.0,50,1.565801
,-32.0,50,2.153054
,-43.0,50,2.696588
,-50.0,50,3.200552
,-48.0,50,3.692681
,-38.0,50,4.204631
,-50.0,50,4.724887
,-50.0,50,5.285031
,-50.0,50,5.819079
,-24.0,50,6.343645
,-50.0,50,6.430196
,-1.0,50,6.509103
,-8.0,50,6.59921
,-6.0,50,6.681517
,-50.0,50,6.765429
,-44.0,50,6.85404
,-1.0,50,6.94175
,-42.0,50,7.018744
,-50.0,50,7.107063
