#{"t_start": 1582793114.25001, "env_id": "FetchReach-v1"}
s,r,l,t
,-50.0,50,0.959342
,-50.0,50,1.658543
,-50.0,50,2.292039
,-50.0,50,2.94994
,-46.0,50,3.581094
,-50.0,50,4.184386
,-50.0,50,4.790043
,-50.0,50,5.377538
,-19.0,50,6.011088
,-49.0,50,6.606035
,-42.0,50,7.257427
,-50.0,50,7.334293
,-42.0,50,7.428437
,-20.0,50,7.509648
,-8.0,50,7.60286
,-20.0,50,7.683229
,-6.0,50,7.761096
,-44.0,50,7.849763
,-45.0,50,7.932411
,-15.0,50,8.012986
