#{"t_start": 1582888585.371745, "env_id": "FetchReach-v1"}
s,r,l,t
,-50.0,50,0.918102
,-50.0,50,1.524106
,-50.0,50,2.03436
,-50.0,50,2.538466
,-50.0,50,3.070443
,-50.0,50,3.630137
,-37.0,50,4.157747
,-47.0,50,4.693901
,-45.0,50,5.256067
,-40.0,50,5.818182
,-12.0,50,6.379865
,-50.0,50,6.457892
,-12.0,50,6.540758
,-50.0,50,6.619453
,-50.0,50,6.700177
,-50.0,50,6.776437
,-4.0,50,6.861847
,-4.0,50,6.943779
,-16.0,50,7.019846
,-10.0,50,7.09961
