#{"t_start": 1582887024.563371, "env_id": "FetchReach-v1"}
s,r,l,t
,-50.0,50,0.924838
,-50.0,50,1.560068
,-50.0,50,2.093889
,-50.0,50,2.636646
,-50.0,50,3.157111
,-50.0,50,3.689531
,-35.0,50,4.216671
,-49.0,50,4.720788
,-21.0,50,5.226677
,-23.0,50,5.7607
,-50.0,50,6.275596
,-50.0,50,6.362216
,-50.0,50,6.452854
,-7.0,50,6.531269
,-1.0,50,6.61366
,0.0,50,6.69561
,-50.0,50,6.779952
,-50.0,50,6.865816
,-6.0,50,6.940346
,-50.0,50,7.020148
