#{"t_start": 1582907049.896791, "env_id": "FetchReach-v1"}
s,r,l,t
,-50.0,50,0.915179
,-50.0,50,1.542814
,-50.0,50,2.131698
,-50.0,50,2.702973
,-50.0,50,3.283858
,-50.0,50,3.835242
,-47.0,50,4.39502
,-12.0,50,4.932966
,-23.0,50,5.486153
,-17.0,50,6.038644
,-14.0,50,6.606457
,-5.0,50,6.708606
,-45.0,50,6.791131
,-4.0,50,6.87395
,-5.0,50,6.959133
,-50.0,50,7.051152
,-17.0,50,7.131037
,-16.0,50,7.216269
,0.0,50,7.291184
,-50.0,50,7.369516
