#{"t_start": 1582896182.708883, "env_id": "FetchReach-v1"}
s,r,l,t
,-44.0,50,0.961302
,-50.0,50,1.572067
,-50.0,50,2.120909
,-50.0,50,2.715115
