#{"t_start": 1582906709.900336, "env_id": "FetchReach-v1"}
s,r,l,t
,-50.0,50,0.891694
,-50.0,50,1.517425
,-50.0,50,2.063886
,-50.0,50,2.593424
,-50.0,50,3.095483
,-46.0,50,3.646557
,-49.0,50,4.167448
,-50.0,50,4.687568
,-30.0,50,5.202142
,-40.0,50,5.713185
,-18.0,50,6.261379
,0.0,50,6.335683
,-13.0,50,6.420554
,-3.0,50,6.500171
,-4.0,50,6.580329
,-18.0,50,6.665575
,-50.0,50,6.746784
,-6.0,50,6.824027
,-2.0,50,6.903776
,-4.0,50,6.981706
