#{"t_start": 1582888006.501728, "env_id": "FetchReach-v1"}
s,r,l,t
,-50.0,50,0.915937
,-50.0,50,1.525525
,-50.0,50,2.072711
,-43.0,50,2.595233
,-50.0,50,3.116587
,-50.0,50,3.68079
,-50.0,50,4.214747
