#{"t_start": 1582796751.697409, "env_id": "FetchReach-v1"}
s,r,l,t
,-50.0,50,0.961223
,-50.0,50,1.717129
,-50.0,50,2.50609
,-50.0,50,3.358257
,-44.0,50,4.258147
,-50.0,50,5.282038
,-50.0,50,6.329257
,-39.0,50,7.015267
,-50.0,50,7.704802
,-50.0,50,8.364058
,0.0,50,9.053166
,-50.0,50,9.1523
,-42.0,50,9.238459
,-32.0,50,9.328178
,-50.0,50,9.41968
