#{"t_start": 1582798055.439807, "env_id": "FetchReach-v1"}
s,r,l,t
,-50.0,50,0.972294
,-50.0,50,1.797313
,-42.0,50,2.701775
,-41.0,50,3.681735
,-49.0,50,4.792113
,-50.0,50,6.120052
,-37.0,50,7.492242
,-6.0,50,8.142356
,-42.0,50,8.809487
,-27.0,50,9.469116
,-23.0,50,10.168887
,-50.0,50,10.267948
,-1.0,50,10.355084
,-9.0,50,10.441243
,-50.0,50,10.540948
,-19.0,50,10.63044
,-50.0,50,10.731703
,-5.0,50,10.917434
,-50.0,50,11.03118
,-50.0,50,11.143969
