#{"t_start": 1582906956.441828, "env_id": "FetchReach-v1"}
s,r,l,t
,-50.0,50,1.001181
,-50.0,50,1.661879
,-50.0,50,2.284097
,-50.0,50,2.848774
,-50.0,50,3.389184
,-23.0,50,3.973628
