#{"t_start": 1582898069.1100109, "env_id": "FetchReach-v1"}
s,r,l,t
,-50.0,50,0.94189
,-49.0,50,1.671279
,-50.0,50,2.296965
,-50.0,50,2.877263
,-48.0,50,3.427427
,-42.0,50,4.035983
,-50.0,50,4.632514
,-47.0,50,5.214916
,-30.0,50,5.798763
,-12.0,50,6.428564
,-6.0,50,7.040002
