#{"t_start": 1582890664.737067, "env_id": "FetchReach-v1"}
s,r,l,t
,-43.0,50,0.91184
,-50.0,50,1.556905
,-50.0,50,2.137842
,-46.0,50,2.681664
,-50.0,50,3.224392
,-50.0,50,3.781442
,-50.0,50,4.367708
,-36.0,50,4.906581
,-43.0,50,5.45537
,-50.0,50,6.026135
,-50.0,50,6.582488
,-50.0,50,6.662478
,-42.0,50,6.745798
,-36.0,50,6.83777
,-30.0,50,6.923532
,-9.0,50,7.003597
,-50.0,50,7.085099
,-3.0,50,7.164187
,-50.0,50,7.25615
,-50.0,50,7.346632
,-11.0,50,7.477853
