#{"t_start": 1582884263.260363, "env_id": "FetchReach-v1"}
s,r,l,t
,-50.0,50,0.941292
,-50.0,50,1.556903
,-50.0,50,2.113061
,-50.0,50,2.628193
,-50.0,50,3.169519
,-50.0,50,3.722269
,-50.0,50,4.306631
,-50.0,50,4.876762
,-40.0,50,5.448742
,-16.0,50,6.033653
