#{"t_start": 1582564619.855778, "env_id": "FetchReach-v1"}
s,r,l,t
,-50.0,50,1.549751
,-50.0,50,2.292315
,-50.0,50,2.950175
,-24.0,50,3.586414
,-50.0,50,4.151958
,-50.0,50,4.740806
