#{"t_start": 1582905934.439129, "env_id": "FetchReach-v1"}
s,r,l,t
,-50.0,50,0.981982
,-50.0,50,1.700264
,-50.0,50,2.305414
,-50.0,50,2.887087
,-50.0,50,3.429574
,-40.0,50,3.987239
,-28.0,50,4.517626
,-50.0,50,5.068751
,-48.0,50,5.611123
,-50.0,50,6.16242
,-5.0,50,6.742369
,-48.0,50,6.830728
,-4.0,50,6.907224
,-36.0,50,6.990802
,-36.0,50,7.070291
,-15.0,50,7.173836
,-13.0,50,7.275676
,-38.0,50,7.364855
,-38.0,50,7.45273
,-12.0,50,7.536223
