#{"t_start": 1582907130.362278, "env_id": "FetchReach-v1"}
s,r,l,t
,-50.0,50,0.910524
,-50.0,50,1.593784
,-50.0,50,2.188311
,-50.0,50,2.756096
,-50.0,50,3.338302
,-50.0,50,3.913113
,-50.0,50,4.4821
