#{"t_start": 1582908056.632376, "env_id": "FetchReach-v1"}
s,r,l,t
,-50.0,50,1.008794
,-50.0,50,1.608204
,-50.0,50,2.146566
,-50.0,50,2.676639
,-50.0,50,3.176045
,-47.0,50,3.749097
,-50.0,50,4.341781
,-45.0,50,4.858569
,-50.0,50,5.384397
,-36.0,50,5.91917
,-50.0,50,6.45209
,-50.0,50,6.532517
,-10.0,50,6.64434
,-6.0,50,6.725821
,-14.0,50,6.805532
,-5.0,50,6.88573
,-13.0,50,6.976318
,-50.0,50,7.054773
,-47.0,50,7.131595
,-5.0,50,7.210567
