#{"t_start": 1582886956.431742, "env_id": "FetchReach-v1"}
s,r,l,t
,-50.0,50,0.917664
,-50.0,50,1.539896
,-45.0,50,2.121083
,-50.0,50,2.637249
,-49.0,50,3.146211
,-31.0,50,3.696133
,-46.0,50,4.232386
,-32.0,50,4.787693
,-27.0,50,5.323373
,-50.0,50,5.863599
,-45.0,50,6.414139
,0.0,50,6.499415
,-50.0,50,6.58004
,-6.0,50,6.658231
,-4.0,50,6.736359
,-3.0,50,6.81171
,-50.0,50,6.891183
,-2.0,50,6.971582
,-2.0,50,7.054765
,-50.0,50,7.137592
