#{"t_start": 1582575616.372639, "env_id": "FetchReach-v1"}
s,r,l,t
,-50.0,50,0.984225
,-50.0,50,1.633588
,-50.0,50,2.225513
,-50.0,50,2.843893
,-50.0,50,3.422084
