#{"t_start": 1582906309.52399, "env_id": "FetchReach-v1"}
s,r,l,t
,-50.0,50,0.936238
,-50.0,50,1.538066
,-50.0,50,2.064911
,-42.0,50,2.61974
,-47.0,50,3.161231
,-43.0,50,3.68772
,-25.0,50,4.212007
,-25.0,50,4.739238
,-50.0,50,5.242956
,-13.0,50,5.769545
,-50.0,50,6.332049
,-18.0,50,6.411835
,-12.0,50,6.489067
,-4.0,50,6.573113
,-50.0,50,6.658275
,-36.0,50,6.742293
,-50.0,50,6.835516
,-21.0,50,6.915902
,-8.0,50,7.003078
,-5.0,50,7.080556
