#{"t_start": 1582898105.423867, "env_id": "FetchReach-v1"}
s,r,l,t
,-50.0,50,0.978466
,-50.0,50,1.655828
,-50.0,50,2.289645
,-50.0,50,2.901675
,-50.0,50,3.463063
