#{"t_start": 1582796724.726768, "env_id": "FetchReach-v1"}
s,r,l,t
,-50.0,50,0.967485
,-50.0,50,1.797674
,-50.0,50,2.668173
,-50.0,50,3.699532
,-47.0,50,5.069887
,-50.0,50,6.5265
,-44.0,50,7.954109
,-42.0,50,8.65906
,-49.0,50,9.343562
,-13.0,50,10.06845
,-8.0,50,10.800015
,-18.0,50,10.878773
,-3.0,50,10.968703
,-34.0,50,11.063198
,-50.0,50,11.148564
,-44.0,50,11.242198
,-3.0,50,11.326777
,-17.0,50,11.427134
,-5.0,50,11.507903
,-50.0,50,11.597475
