#{"t_start": 1582701760.278037, "env_id": "FetchPush-v1"}
s,r,l,t
,-50.0,50,0.946985
,-50.0,50,1.635536
,-50.0,50,2.192049
