#{"t_start": 1582563268.849227, "env_id": "FetchReach-v1"}
s,r,l,t
,-50.0,50,1.157122
,-50.0,50,2.010543
,-33.0,50,2.613119
,-50.0,50,3.188024
,-50.0,50,3.772239
,-50.0,50,4.47715
,-50.0,50,5.106011
,-50.0,50,5.731616
,-50.0,50,6.376814
,-50.0,50,7.064949
,-3.0,50,7.691497
,-50.0,50,7.775806
,-3.0,50,7.865924
,-6.0,50,7.948453
,-14.0,50,8.042494
,-32.0,50,8.123619
,-3.0,50,8.205814
,-25.0,50,8.300835
,-50.0,50,8.386654
,-35.0,50,8.486192
