#{"t_start": 1582898298.1356359, "env_id": "FetchReach-v1"}
s,r,l,t
,-50.0,50,0.935398
,-50.0,50,1.608872
,-50.0,50,2.237658
,-50.0,50,2.828395
,-48.0,50,3.410341
,-50.0,50,3.968199
,-34.0,50,4.534689
,-17.0,50,5.102464
,-50.0,50,5.68394
,-6.0,50,6.262876
,-7.0,50,6.830144
,-17.0,50,6.915873
,-4.0,50,6.994228
,-5.0,50,7.080787
,-3.0,50,7.157498
,-50.0,50,7.253274
,-12.0,50,7.334658
,-10.0,50,7.419688
,0.0,50,7.497157
,0.0,50,7.577178
