#{"t_start": 1582563191.7219148, "env_id": "FetchReach-v1"}
s,r,l,t
,-50.0,50,0.985609
,-50.0,50,1.67083
,-50.0,50,2.261035
,-50.0,50,2.84352
,-50.0,50,3.407609
,-50.0,50,3.966255
,-42.0,50,4.577475
,-35.0,50,5.195418
,-49.0,50,5.801052
,-45.0,50,6.382847
,-1.0,50,7.060963
,-3.0,50,7.141489
,-4.0,50,7.236331
,-3.0,50,7.32225
,-50.0,50,7.406548
,-6.0,50,7.483295
,-19.0,50,7.570745
,-14.0,50,7.655935
,-14.0,50,7.738647
,-39.0,50,7.833524
