#{"t_start": 1582888294.427395, "env_id": "FetchReach-v1"}
s,r,l,t
,-50.0,50,0.920765
,-50.0,50,1.517014
,-50.0,50,2.043009
,-50.0,50,2.579047
,-50.0,50,3.105696
,-50.0,50,3.647407
,-46.0,50,4.182721
,-48.0,50,4.705328
,-44.0,50,5.210427
,-47.0,50,5.727218
,-50.0,50,6.26357
,-10.0,50,6.339134
,-50.0,50,6.425599
,-50.0,50,6.516144
,-7.0,50,6.593353
,-22.0,50,6.687454
,-50.0,50,6.788819
,-15.0,50,6.866632
,-50.0,50,6.946522
,-50.0,50,7.036023
