#{"t_start": 1582793005.141377, "env_id": "FetchReach-v1"}
s,r,l,t
,-50.0,50,0.95724
,-42.0,50,1.636944
,-50.0,50,2.276983
,-50.0,50,2.892311
,-50.0,50,3.549715
,-50.0,50,4.146562
,-50.0,50,4.726543
,-19.0,50,5.330811
,-43.0,50,5.94792
,-37.0,50,6.551069
,-16.0,50,7.187502
,-50.0,50,7.266803
,0.0,50,7.343834
,-13.0,50,7.43784
,-13.0,50,7.520116
,-4.0,50,7.603852
,-16.0,50,7.69819
,-2.0,50,7.781078
,-37.0,50,7.873173
,-20.0,50,7.954551
