#{"t_start": 1582888119.120254, "env_id": "FetchReach-v1"}
s,r,l,t
,-43.0,50,0.908314
,-50.0,50,1.516852
,-50.0,50,2.035328
,-50.0,50,2.554038
,-50.0,50,3.131758
