#{"t_start": 1582908123.928422, "env_id": "FetchReach-v1"}
s,r,l,t
,-50.0,50,6.255409
,-50.0,50,6.900476
,-50.0,50,7.408453
,-50.0,50,7.890597
,-43.0,50,8.377101
,-46.0,50,8.884568
,-33.0,50,9.371052
,-37.0,50,9.867683
,-50.0,50,10.352581
,-9.0,50,10.844674
,-10.0,50,11.375504
,-2.0,50,11.543828
,-40.0,50,11.70586
,-10.0,50,11.870459
,-2.0,50,12.032545
,-1.0,50,12.195373
,-2.0,50,12.376107
,0.0,50,12.534823
,-4.0,50,12.691607
,-3.0,50,12.851089
