#{"t_start": 1582907648.6133327, "env_id": "FetchPush-v1"}
s,r,l,t
,-50.0,50,6.340482
,-50.0,50,8.242362
,-50.0,50,9.854855
,-50.0,50,11.473745
