#{"t_start": 1582907650.3214152, "env_id": "FetchPush-v1"}
s,r,l,t
,-50.0,50,4.631434
,-50.0,50,6.535962
,-50.0,50,8.159949
,-50.0,50,9.7643
