#{"t_start": 1582907648.8577971, "env_id": "FetchPush-v1"}
s,r,l,t
,-50.0,50,6.084543
,-50.0,50,7.966413
,-50.0,50,9.598459
,-50.0,50,11.217049
