#{"t_start": 1582907650.0823185, "env_id": "FetchPush-v1"}
s,r,l,t
,-50.0,50,4.902661
,-50.0,50,6.746039
,-50.0,50,8.392345
,-50.0,50,10.017111
