#{"t_start": 1582907649.183926, "env_id": "FetchPush-v1"}
s,r,l,t
,-50.0,50,5.815083
,-50.0,50,7.632413
,-50.0,50,9.271322
,-50.0,50,10.901434
