#{"t_start": 1582907648.9679298, "env_id": "FetchPush-v1"}
s,r,l,t
,-50.0,50,6.011991
,-50.0,50,7.869864
,-50.0,50,9.50438
,-50.0,50,11.14107
