#{"t_start": 1582907648.6503432, "env_id": "FetchPush-v1"}
s,r,l,t
,-50.0,50,6.34339
,0.0,50,8.183971
,-50.0,50,9.788241
,-50.0,50,11.425797
