#{"t_start": 1582907649.2801232, "env_id": "FetchPush-v1"}
s,r,l,t
,-50.0,50,5.690785
,-50.0,50,7.55313
,-50.0,50,9.158043
,-50.0,50,10.825015
