#{"t_start": 1582907649.402223, "env_id": "FetchPush-v1"}
s,r,l,t
,-50.0,50,5.561916
,-50.0,50,7.457852
,-50.0,50,9.047832
,-50.0,50,10.699506
