#{"t_start": 1582907650.1186023, "env_id": "FetchPush-v1"}
s,r,l,t
,-50.0,50,4.846315
,-50.0,50,6.726077
,-50.0,50,8.323488
,-50.0,50,9.974156
