#{"t_start": 1582907649.626369, "env_id": "FetchPush-v1"}
s,r,l,t
,-50.0,50,5.326105
,-50.0,50,7.211374
,-50.0,50,8.836179
,-50.0,50,10.492066
