#{"t_start": 1582907648.757727, "env_id": "FetchPush-v1"}
s,r,l,t
,-50.0,50,6.219402
,-50.0,50,8.046216
,-50.0,50,9.723217
,-50.0,50,11.323472
