#{"t_start": 1582907649.0687585, "env_id": "FetchPush-v1"}
s,r,l,t
,-50.0,50,5.890207
,-50.0,50,7.742792
,-50.0,50,9.39765
,0.0,50,11.042895
