#{"t_start": 1582907649.9441972, "env_id": "FetchPush-v1"}
s,r,l,t
,0.0,50,5.012663
,-50.0,50,6.855714
,-50.0,50,8.528606
,-50.0,50,10.163241
