#{"t_start": 1582907649.7391334, "env_id": "FetchPush-v1"}
s,r,l,t
,-50.0,50,5.241726
,-50.0,50,7.055276
,-50.0,50,8.740175
,-50.0,50,10.332574
