#{"t_start": 1582907649.510786, "env_id": "FetchPush-v1"}
s,r,l,t
,-50.0,50,5.451128
,0.0,50,7.322057
,-50.0,50,8.96449
,-50.0,50,10.586989
