#{"t_start": 1582902827.6607559, "env_id": "FetchReach-v1"}
s,r,l,t
,-50.0,50,0.952375
,-50.0,50,1.601553
,-50.0,50,2.125374
,-50.0,50,2.652052
,-39.0,50,3.167834
,-50.0,50,3.693047
,-50.0,50,4.2081
,-25.0,50,4.723748
,-39.0,50,5.233202
,-50.0,50,5.748055
,-50.0,50,6.289723
,-40.0,50,6.416262
,-26.0,50,6.511028
,-38.0,50,6.592473
,-50.0,50,6.675374
,-21.0,50,6.763924
,-41.0,50,6.851155
,-26.0,50,6.933368
,-11.0,50,7.024468
,-12.0,50,7.107848
