#{"t_start": 1582900617.320673, "env_id": "FetchReach-v1"}
s,r,l,t
,-50.0,50,0.942747
,-50.0,50,1.639803
,-50.0,50,2.237585
,-50.0,50,2.83346
