#{"t_start": 1582887183.989563, "env_id": "FetchReach-v1"}
s,r,l,t
,-50.0,50,0.927423
,-50.0,50,1.530606
,-50.0,50,2.069908
,-50.0,50,2.618116
,-50.0,50,3.173254
,-50.0,50,3.691517
,-50.0,50,4.229194
,-34.0,50,4.776132
,-38.0,50,5.322276
,-50.0,50,5.860904
,-50.0,50,6.428199
,-3.0,50,6.512212
,-50.0,50,6.596938
,-7.0,50,6.679813
,-50.0,50,6.758397
,-2.0,50,6.835138
,-34.0,50,6.920221
,-50.0,50,7.016764
,-50.0,50,7.116468
,-50.0,50,7.218383
