#{"t_start": 1582563123.251486, "env_id": "FetchReach-v1"}
s,r,l,t
,-46.0,50,0.947635
,-46.0,50,1.679455
,-27.0,50,2.290388
,-50.0,50,2.873085
,-48.0,50,3.432879
,-47.0,50,3.99926
,-27.0,50,4.596156
,-15.0,50,5.166846
,-24.0,50,5.759097
,-14.0,50,6.302778
,-7.0,50,6.952881
,-9.0,50,7.042723
,-4.0,50,7.138235
,-3.0,50,7.220667
,-1.0,50,7.307577
,-2.0,50,7.40817
,-3.0,50,7.501604
,-2.0,50,7.619306
,-4.0,50,7.738181
,-13.0,50,7.820135
