#{"t_start": 1582575835.5199559, "env_id": "FetchReach-v1"}
s,r,l,t
,-50.0,50,0.923695
,-50.0,50,1.544476
,-32.0,50,2.072319
