#{"t_start": 1582886879.2663932, "env_id": "FetchReach-v1"}
s,r,l,t
,-50.0,50,0.914381
,-50.0,50,1.535012
,-40.0,50,2.048831
,-50.0,50,2.583007
