#{"t_start": 1582888171.6562781, "env_id": "FetchReach-v1"}
s,r,l,t
,-50.0,50,0.902261
,-50.0,50,1.582348
,-44.0,50,2.149602
