#{"t_start": 1582798080.2429829, "env_id": "FetchReach-v1"}
s,r,l,t
,-36.0,50,0.994148
,-50.0,50,1.67177
,-46.0,50,2.286699
,-50.0,50,2.83689
,-50.0,50,3.361502
,-37.0,50,3.921625
,-50.0,50,4.437909
,-34.0,50,4.9863
,-47.0,50,5.512053
,-48.0,50,6.070673
,-8.0,50,6.622146
,-6.0,50,6.7114
,-50.0,50,6.801395
,-7.0,50,6.90296
,-13.0,50,6.990981
,-13.0,50,7.079088
,-17.0,50,7.157658
,-44.0,50,7.235549
,-4.0,50,7.325675
,0.0,50,7.404666
