#{"t_start": 1582901584.755098, "env_id": "FetchReach-v1"}
s,r,l,t
,-50.0,50,0.943748
,-50.0,50,1.664247
,-48.0,50,2.275796
,-50.0,50,2.861944
