#{"t_start": 1582900912.9767392, "env_id": "FetchReach-v1"}
s,r,l,t
,-50.0,50,0.989401
,-50.0,50,1.735906
