#{"t_start": 1582797051.153926, "env_id": "FetchReach-v1"}
s,r,l,t
,-50.0,50,0.9791
,-50.0,50,1.775457
